NAME,TEAM,POS,GP,MPG,FT,TWO_P,THREE_P,eFG,PPG,RPG,APG,SPG,BPG,TPG
Mikal Bridges,Bro,F,82,34.8,0.814,0.49,0.372,0.521,19.6,4.5,3.6,1,0.4,2
Jalen Green,Hou,G,82,31.7,0.804,0.498,0.332,0.498,19.6,5.2,3.5,0.8,0.3,2.3
Domantas Sabonis,Sac,C,82,35.7,0.704,0.613,0.379,0.609,19.4,13.7,8.2,0.9,0.6,3.3
Chet Holmgren,Okc,C,82,29.4,0.793,0.623,0.37,0.598,16.5,7.9,2.4,0.6,2.3,1.6
Austin Reaves,Lal,G,82,32.1,0.853,0.583,0.367,0.568,15.9,4.3,5.5,0.8,0.3,2.1
Bobby Portis,Mil,F,82,24.5,0.79,0.545,0.407,0.562,13.8,7.4,1.3,0.8,0.4,1.1
Jonas Valanciunas,Nor,C,82,23.5,0.785,0.609,0.308,0.585,12.2,8.8,2.1,0.4,0.8,1.4
Harrison Barnes,Sac,F,82,29,0.801,0.571,0.387,0.576,12.2,3,1.2,0.7,0.1,0.7
Obi Toppin,Ind,F,82,21.1,0.775,0.706,0.403,0.661,10.3,3.9,1.6,0.6,0.5,0.8
Reggie Jackson,Den,G,82,22.2,0.806,0.475,0.359,0.499,10.2,1.9,3.8,0.5,0.1,1.3
Payton Pritchard,Bos,G,82,22.3,0.821,0.593,0.385,0.583,9.6,3.2,3.4,0.5,0.1,0.7
Georges Niang,Cle,F,82,22.3,0.85,0.572,0.376,0.567,9.4,3.4,1.2,0.4,0.2,0.9
Nickeil Alexander-Walker,Min,F,82,23.4,0.8,0.517,0.391,0.56,8,2,2.5,0.8,0.5,0.9
Paul Reed,Phi,F,82,19.4,0.718,0.563,0.368,0.561,7.3,6,1.3,0.8,1,0.8
Christian Braun,Den,G,82,20.2,0.694,0.498,0.384,0.525,7.3,3.7,1.6,0.5,0.4,0.7
Cason Wallace,Okc,G,82,20.6,0.784,0.572,0.419,0.602,6.8,2.3,1.5,0.9,0.5,0.5
Michael Porter Jr.,Den,F,81,31.7,0.836,0.575,0.397,0.586,16.7,7,1.5,0.5,0.7,1.1
Donte DiVincenzo,Nyk,G,81,29.1,0.754,0.542,0.401,0.584,15.5,3.7,2.7,1.3,0.4,1.4
Naz Reid,Min,C-F,81,24.2,0.74,0.535,0.414,0.576,13.5,5.2,1.3,0.8,0.9,1.4
Cole Anthony,Orl,G,81,22.4,0.826,0.491,0.338,0.497,11.6,3.8,2.9,0.8,0.5,1.6
Josh Hart,Nyk,G,81,33.4,0.791,0.511,0.31,0.493,9.4,8.3,4.1,0.9,0.3,1.5
Paolo Banchero,Orl,F,80,35,0.725,0.493,0.339,0.497,22.6,6.9,5.4,0.9,0.6,3.1
Corey Kispert,Was,F,80,25.8,0.726,0.643,0.383,0.602,13.4,2.8,2,0.5,0.2,1.2
Josh Giddey,Okc,G,80,25.1,0.806,0.53,0.337,0.523,12.3,6.4,4.8,0.7,0.6,2.1
Moritz Wagner,Orl,F-C,80,17.7,0.814,0.674,0.33,0.637,10.9,4.4,1.2,0.5,0.3,1.2
Peyton Watson,Den,G,80,18.6,0.67,0.551,0.296,0.515,6.7,3.2,1.1,0.5,1.1,0.7
Nikola Jokic,Den,C,79,34.6,0.817,0.626,0.359,0.612,26.4,12.4,9,1.4,0.9,3
Anthony Edwards,Min,G,79,35.1,0.836,0.515,0.357,0.522,25.9,5.4,5.1,1.3,0.5,3.1
DeMar DeRozan,Chi,F,79,37.8,0.853,0.509,0.333,0.507,24,4.3,5.3,1.1,0.6,1.7
Coby White,Chi,G,79,36.5,0.838,0.508,0.376,0.534,19.1,4.5,5.1,0.7,0.2,2.1
Bogdan Bogdanovic,Atl,G,79,30.4,0.921,0.503,0.374,0.537,16.9,3.4,3.1,1.2,0.3,1.4
Tim Hardaway Jr.,Dal,G-F,79,26.8,0.852,0.478,0.353,0.51,14.4,3.2,1.8,0.5,0.1,0.9
Brook Lopez,Mil,C,79,30.5,0.821,0.621,0.366,0.583,12.5,5.2,1.6,0.5,2.4,1
Malik Beasley,Mil,G,79,29.6,0.714,0.533,0.413,0.598,11.3,3.7,1.4,0.7,0.1,0.7
Luguentz Dort,Okc,F,79,28.4,0.826,0.506,0.394,0.557,10.9,3.6,1.4,0.9,0.6,0.9
Sam Hauser,Bos,F,79,22,0.895,0.559,0.424,0.623,9,3.5,1,0.5,0.3,0.4
Andre Drummond,Chi,C,79,17.1,0.592,0.56,0,0.556,8.4,9,0.5,0.9,0.6,1
Kyle Anderson,Min,F-G,79,22.6,0.708,0.488,0.229,0.472,6.4,3.5,4.2,0.9,0.6,1.2
Dejounte Murray,Atl,G,78,35.7,0.794,0.518,0.363,0.528,22.5,5.3,6.4,1.4,0.3,2.6
Collin Sexton,Uta,G,78,26.6,0.859,0.53,0.394,0.549,18.7,2.6,4.9,0.8,0.2,2.1
Jordan Poole,Was,G,78,30.1,0.877,0.492,0.326,0.491,17.4,2.7,4.4,1.1,0.3,2.4
Taurean Prince,Lal,F,78,27,0.735,0.516,0.397,0.566,8.9,2.9,1.5,0.7,0.5,0.9
Isaiah Joe,Okc,G,78,18.5,0.865,0.568,0.416,0.609,8.2,2.3,1.3,0.6,0.3,0.6
Aaron Wiggins,Okc,G,78,15.7,0.789,0.598,0.492,0.645,6.9,2.4,1.1,0.7,0.2,0.7
Aaron Holiday,Hou,G,78,16.3,0.935,0.51,0.387,0.547,6.6,1.6,1.8,0.5,0.1,0.7
Jeff Green,Hou,F,78,16.8,0.819,0.553,0.331,0.529,6.5,2.3,0.9,0.2,0.4,0.6
Jalen Brunson,Nyk,G,77,35.4,0.847,0.516,0.401,0.543,28.7,3.6,6.7,0.9,0.2,2.4
Klay Thompson,Gol,F,77,29.7,0.927,0.502,0.388,0.551,17.9,3.3,2.3,0.6,0.5,1.5
Myles Turner,Ind,C,77,27,0.773,0.615,0.358,0.587,17.1,6.9,1.3,0.5,1.9,1.4
Jarrett Allen,Cle,C,77,31.7,0.742,0.638,0,0.634,16.5,10.5,2.7,0.7,1.1,1.6
Jaden Ivey,Det,G,77,28.8,0.749,0.485,0.336,0.492,15.4,3.4,3.8,0.7,0.5,2.5
Keegan Murray,Sac,F,77,33.6,0.831,0.56,0.358,0.548,15.2,5.5,1.7,1,0.8,0.8
Tre Jones,San,G,77,27.7,0.856,0.583,0.335,0.557,10,3.8,6.2,1,0.1,1.5
Anthony Davis,Lal,C,76,35.5,0.816,0.582,0.271,0.567,24.7,12.6,3.5,1.2,2.3,2.1
Nikola Vucevic,Chi,C,76,34.3,0.822,0.551,0.294,0.522,18,10.5,3.3,0.7,0.8,1.6
D'Angelo Russell,Lal,G,76,32.7,0.828,0.497,0.415,0.56,18,3.1,6.3,0.9,0.5,2.1
Rudy Gobert,Min,C,76,34.1,0.638,0.664,0,0.661,14,12.9,1.3,0.7,2.1,1.6
Norman Powell,Lac,G,76,26.2,0.831,0.536,0.435,0.594,13.9,2.6,1.1,0.6,0.3,0.9
Jabari Smith Jr.,Hou,F,76,31.9,0.811,0.53,0.363,0.537,13.7,8.1,1.6,0.7,0.8,1.2
Ayo Dosunmu,Chi,G,76,29.1,0.81,0.568,0.403,0.583,12.2,2.8,3.2,0.9,0.5,1.4
Mike Conley,Min,G,76,28.9,0.909,0.481,0.442,0.595,11.4,2.9,5.9,1.2,0.2,1.3
Herbert Jones,Nor,G,76,30.5,0.867,0.568,0.418,0.595,11,3.6,2.6,1.4,0.8,1.2
Jusuf Nurkic,Pho,C,76,27.3,0.64,0.555,0.244,0.528,10.9,11,4,1.1,1,2.3
Kentavious Caldwell-Pope,Den,G,76,31.6,0.894,0.52,0.406,0.566,10.1,2.4,2.4,1.3,0.6,1
Derrick Jones Jr.,Dal,F,76,23.5,0.713,0.613,0.343,0.566,8.6,3.3,1,0.7,0.7,0.9
Pat Connaughton,Mil,G,76,22.1,0.759,0.633,0.345,0.553,5.6,3.1,2.1,0.5,0.3,0.6
Shai Gilgeous-Alexander,Okc,G,75,34,0.874,0.576,0.353,0.567,30.1,5.5,6.2,2,0.9,2.2
Kevin Durant,Pho,F,75,37.2,0.856,0.567,0.413,0.581,27.1,6.6,5,0.9,1.2,3.3
Deni Avdija,Was,F,75,30.1,0.739,0.56,0.374,0.56,14.7,7.2,3.8,0.8,0.5,2.1
Grayson Allen,Pho,G,75,33.5,0.878,0.57,0.461,0.649,13.5,3.9,3,0.9,0.6,1.3
Keyonte George,Uta,G,75,27,0.848,0.459,0.334,0.482,13,2.8,4.4,0.5,0.1,2.5
Jalen Suggs,Orl,G,75,27,0.756,0.556,0.397,0.578,12.6,3.1,2.7,1.4,0.6,1.8
Jaime Jaquez Jr.,Mia,G,75,28.2,0.811,0.558,0.322,0.536,11.9,3.8,2.6,1,0.3,1.5
Malaki Branham,San,F,75,21.3,0.873,0.494,0.347,0.506,9.2,2,2.1,0.4,0.1,1.2
Terance Mann,Lac,G-F,75,25,0.832,0.633,0.348,0.587,8.8,3.4,1.6,0.6,0.2,0.6
Isaiah Hartenstein,Nyk,C-F,75,25.3,0.707,0.646,0.333,0.645,7.8,8.3,2.5,1.2,1.1,1.2
Drew Eubanks,Pho,F-C,75,15.6,0.774,0.596,1,0.607,5.1,4.3,0.8,0.4,0.8,0.8
Jayson Tatum,Bos,F,74,35.7,0.833,0.542,0.376,0.552,26.9,8.1,4.9,1,0.6,2.5
De'Aaron Fox,Sac,G,74,35.9,0.738,0.522,0.369,0.534,26.6,4.6,5.6,2,0.4,2.6
Stephen Curry,Gol,G,74,32.7,0.923,0.515,0.408,0.573,26.4,4.5,5.1,0.7,0.4,2.8
Paul George,Lac,G,74,33.8,0.907,0.523,0.413,0.569,22.6,5.2,3.5,1.5,0.5,2.1
Brandon Miller,Cha,F,74,32.2,0.827,0.495,0.373,0.524,17.3,4.3,2.4,0.9,0.6,1.8
Jonathan Kuminga,Gol,F,74,26.3,0.746,0.578,0.321,0.56,16.1,4.8,2.2,0.7,0.5,1.6
Jeremy Sochan,San,G,74,29.6,0.771,0.492,0.308,0.483,11.6,6.4,3.4,0.8,0.5,1.9
Brandin Podziemski,Gol,G,74,26.6,0.633,0.499,0.385,0.529,9.2,5.8,3.7,0.8,0.2,1.2
Julian Champagnie,San,F,74,19.8,0.815,0.504,0.365,0.534,6.8,2.8,1.4,0.6,0.6,0.8
Kevon Looney,Gol,C,74,16.1,0.675,0.599,0,0.597,4.5,5.7,1.8,0.4,0.4,0.7
Giannis Antetokounmpo,Mil,F,73,35.2,0.657,0.644,0.274,0.623,30.4,11.5,6.5,1.2,1.1,3.4
Damian Lillard,Mil,G,73,35.3,0.92,0.49,0.354,0.51,24.3,4.4,7,1,0.2,2.6
Fred VanVleet,Hou,G,73,36.8,0.86,0.454,0.387,0.527,17.4,3.8,8.1,1.4,0.8,1.7
Derrick White,Bos,G,73,32.6,0.901,0.555,0.396,0.578,15.2,4.2,5.2,1,1.2,1.5
Aaron Gordon,Den,F,73,31.5,0.658,0.619,0.29,0.584,13.9,6.4,3.5,0.8,0.6,1.4
Clint Capela,Atl,C,73,25.8,0.631,0.572,0,0.571,11.5,10.6,1.2,0.6,1.5,1
Jaden Hardy,Dal,G,73,13.6,0.776,0.447,0.362,0.492,7.3,1.8,1.5,0.3,0.1,0.8
Franz Wagner,Orl,F,72,32.5,0.85,0.569,0.282,0.525,19.7,5.3,3.7,1.1,0.4,1.9
James Harden,Lac,G,72,34.3,0.878,0.497,0.381,0.541,16.6,5.1,8.5,1.1,0.8,2.6
Malik Monk,Sac,G,72,26,0.829,0.528,0.35,0.526,15.4,2.9,5.1,0.6,0.5,2.1
Dillon Brooks,Hou,F,72,30.9,0.844,0.492,0.359,0.515,12.7,3.4,1.7,0.9,0.1,1.2
Aaron Nesmith,Ind,G-F,72,27.7,0.778,0.581,0.419,0.606,12.2,3.8,1.5,0.9,0.7,0.9
Jaden McDaniels,Min,F,72,29.2,0.722,0.592,0.337,0.557,10.5,3.1,1.4,0.9,0.6,1.2
Jabari Walker,Por,F,72,23.6,0.754,0.522,0.295,0.5,8.9,7.1,1,0.6,0.3,0.9
Cedi Osman,San,F,72,17.6,0.673,0.601,0.389,0.591,6.8,2.5,1.7,0.5,0.2,0.7
Davion Mitchell,Sac,G,72,15.3,0.714,0.539,0.361,0.54,5.3,1.3,1.9,0.2,0,0.6
Jevon Carter,Chi,G,72,13.9,0.571,0.466,0.329,0.484,5,0.8,1.3,0.5,0.2,0.5
LeBron James,Lal,F,71,35.3,0.75,0.592,0.41,0.599,25.7,7.3,8.3,1.3,0.5,3.4
Victor Wembanyama,San,F,71,29.7,0.796,0.534,0.325,0.519,21.4,10.6,3.9,1.2,3.6,3.7
Bam Adebayo,Mia,C,71,34,0.755,0.528,0.357,0.529,19.3,10.4,3.9,1.1,0.9,2.3
Jalen Williams,Okc,F,71,31.3,0.814,0.576,0.427,0.592,19.1,4,4.5,1.1,0.6,1.7
Gary Trent Jr.,Tor,G-F,71,28.1,0.771,0.464,0.393,0.531,13.7,2.6,1.7,1.1,0.1,0.7
Andrew Wiggins,Gol,F,71,27,0.751,0.498,0.358,0.511,13.2,4.5,1.7,0.6,0.6,1.2
Nic Claxton,Bro,C,71,29.8,0.551,0.633,0.2,0.63,11.8,9.9,2.1,0.6,2,1.3
T.J. McConnell,Ind,G,71,18.2,0.79,0.568,0.409,0.572,10.2,2.7,5.5,1,0.1,1.5
Alex Caruso,Chi,G,71,28.7,0.76,0.563,0.408,0.593,10.1,3.8,3.5,1.7,1,1.4
Marcus Sasser,Det,G,71,19,0.879,0.474,0.375,0.516,8.3,1.8,3.3,0.6,0.2,1.3
Luka Doncic,Dal,G,70,37.5,0.786,0.573,0.382,0.573,33.9,9.2,9.8,1.4,0.5,4
Tyrese Maxey,Phi,G,70,37.5,0.868,0.501,0.373,0.524,25.9,3.7,6.2,1,0.5,1.7
Jaylen Brown,Bos,F,70,33.5,0.703,0.57,0.354,0.557,23,5.5,3.6,1.2,0.5,2.4
Zion Williamson,Nor,F,70,31.5,0.702,0.574,0.333,0.573,22.9,5.8,5,1.1,0.7,2.8
Kyle Kuzma,Was,F,70,32.6,0.775,0.53,0.336,0.521,22.2,6.6,4.2,0.5,0.7,2.7
Tobias Harris,Phi,F,70,33.8,0.878,0.537,0.353,0.535,17.2,6.5,3.1,1,0.7,1.3
Max Strus,Cle,F,70,32,0.794,0.546,0.351,0.533,12.2,4.8,4,0.9,0.4,1.6
Toumani Camara,Por,F,70,24.8,0.758,0.523,0.337,0.516,7.5,4.9,1.2,0.9,0.5,1.2
Amir Coffey,Lac,G-F,70,20.9,0.859,0.571,0.38,0.571,6.6,2.1,1.1,0.6,0.2,0.5
Jaxson Hayes,Lal,C-F,70,12.5,0.622,0.754,0,0.72,4.3,3,0.5,0.5,0.4,0.6
Miles Bridges,Cha,F,69,37.4,0.825,0.529,0.349,0.527,21,7.3,3.3,0.9,0.5,2
Tyrese Haliburton,Ind,G,69,32.2,0.855,0.595,0.364,0.57,20.1,3.9,10.9,1.2,0.7,2.3
Keldon Johnson,San,F,69,29.5,0.792,0.533,0.346,0.527,15.7,5.5,2.8,0.7,0.3,1.4
Jrue Holiday,Bos,G,69,32.8,0.833,0.526,0.429,0.581,12.5,5.4,4.8,0.9,0.8,1.8
Zach Collins,San,C,69,22.1,0.753,0.552,0.32,0.531,11.2,5.4,2.8,0.5,0.8,1.9
Isaac Okoro,Cle,F,69,27.3,0.679,0.57,0.391,0.577,9.4,3,1.9,0.8,0.5,0.8
Kenrich Williams,Okc,G-F,69,14.9,0.5,0.54,0.397,0.568,4.7,3,1.3,0.6,0.1,0.5
Anthony Black,Orl,G,69,16.9,0.613,0.51,0.394,0.54,4.6,2,1.3,0.5,0.3,0.8
Jaylin Williams,Okc,F,69,13,0.805,0.5,0.368,0.533,4,3.4,1.6,0.4,0.4,0.5
Devin Booker,Pho,G,68,36,0.886,0.552,0.364,0.55,27.1,4.5,6.9,0.9,0.4,2.6
Kawhi Leonard,Lac,F,68,34.3,0.885,0.569,0.417,0.585,23.7,6.1,3.6,1.6,0.9,1.8
Devin Vassell,San,G,68,33.1,0.801,0.545,0.371,0.55,19.5,3.8,4.1,1.1,0.3,1.6
Kelly Oubre Jr.,Phi,F-G,68,30.2,0.75,0.517,0.311,0.498,15.4,5,1.5,1.1,0.7,1.3
John Collins,Uta,F,68,28,0.795,0.605,0.371,0.59,15.1,8.5,1.1,0.6,0.9,1.4
Caris LeVert,Cle,G,68,28.8,0.766,0.486,0.325,0.487,14,4.1,5.1,1.1,0.5,1.7
Rui Hachimura,Lal,F,68,26.8,0.739,0.598,0.422,0.61,13.6,4.3,1.2,0.6,0.4,0.7
Duncan Robinson,Mia,F,68,28,0.889,0.579,0.395,0.589,12.9,2.5,2.8,0.7,0.2,1.4
Ivica Zubac,Lac,C,68,26.4,0.723,0.649,0,0.649,11.7,9.2,1.4,0.3,1.2,1.2
Russell Westbrook,Lac,G,68,22.5,0.688,0.509,0.273,0.486,11.1,5,4.5,1.1,0.3,2.1
Eric Gordon,Pho,G,68,27.8,0.797,0.561,0.378,0.565,11,1.8,2,1,0.4,1.1
Andrew Nembhard,Ind,G-F,68,25,0.804,0.567,0.357,0.557,9.2,2.1,4.1,0.9,0.1,1.5
Duop Reath,Por,C,68,17.9,0.742,0.559,0.359,0.549,9.1,3.7,1,0.5,0.6,0.8
Dorian Finney-Smith,Bro,F,68,28.5,0.717,0.56,0.348,0.535,8.5,4.7,1.6,0.8,0.6,0.9
Miles McBride,Nyk,G,68,19.5,0.86,0.511,0.41,0.572,8.3,1.5,1.7,0.7,0.1,0.4
Trayce Jackson-Davis,Gol,F,68,16.6,0.561,0.704,0,0.702,7.9,5,1.2,0.4,1.1,0.7
Joe Ingles,Orl,F-G,68,17.2,0.824,0.439,0.435,0.59,4.4,2.1,3,0.6,0.1,1
Nick Richards,Cha,C,67,26.2,0.737,0.693,0,0.691,9.7,8,0.8,0.4,1.1,1.1
Jordan Hawkins,Nor,G,67,17.3,0.838,0.411,0.366,0.501,7.8,2.2,1,0.3,0.1,0.6
Max Christie,Lal,G,67,14.1,0.783,0.496,0.356,0.515,4.2,2.1,0.9,0.3,0.3,0.5
Jaren Jackson Jr.,Mem,F,66,32.2,0.808,0.502,0.32,0.495,22.5,5.5,2.3,1.2,1.6,2.4
Cam Thomas,Bro,G,66,31.4,0.856,0.481,0.364,0.503,22.5,3.2,2.9,0.7,0.2,1.9
CJ McCollum,Nor,G,66,32.7,0.827,0.492,0.429,0.572,20,4.3,4.6,0.9,0.6,1.7
Tyus Jones,Was,G,66,29.3,0.8,0.537,0.414,0.569,12,2.7,7.3,1.1,0.3,1
Moses Moody,Gol,G,66,17.5,0.785,0.555,0.36,0.548,8.1,3,0.9,0.6,0.4,0.7
Naji Marshall,Nor,F,66,19,0.791,0.516,0.387,0.542,7.1,3.6,1.9,0.7,0.2,1
Haywood Highsmith,Mia,F,66,20.7,0.639,0.562,0.396,0.581,6.1,3.2,1.1,0.8,0.5,0.5
Kris Dunn,Uta,G,66,18.9,0.688,0.525,0.369,0.535,5.4,2.9,3.8,1,0.4,1.2
Garrison Mathews,Atl,G,66,15,0.81,0.545,0.44,0.644,4.9,1.4,0.6,0.3,0.1,0.3
Al Horford,Bos,C-F,65,26.8,0.867,0.658,0.419,0.64,8.6,6.4,2.6,0.6,1,0.7
Matisse Thybulle,Por,F,65,22.9,0.759,0.535,0.346,0.524,5.4,2.1,1.4,1.7,0.8,0.6
Jae'Sean Tate,Hou,F,65,15.9,0.667,0.559,0.299,0.522,4.1,3,1,0.6,0.2,0.6
Brandon Ingram,Nor,F,64,32.9,0.801,0.534,0.355,0.534,20.8,5.1,5.7,0.8,0.6,2.5
Kevin Huerter,Sac,G,64,24.4,0.766,0.571,0.361,0.553,10.2,3.5,2.6,0.7,0.4,0.8
Caleb Martin,Mia,F,64,27.4,0.778,0.489,0.349,0.504,10,4.4,2.2,0.7,0.5,1.2
Walker Kessler,Uta,C,64,23.3,0.602,0.68,0.211,0.66,8.1,7.5,0.9,0.5,2.4,1
Dario Saric,Gol,F-C,64,17.2,0.849,0.56,0.376,0.562,8,4.4,2.3,0.5,0.2,1.2
Alperen Sengun,Hou,C,63,32.5,0.693,0.567,0.297,0.553,21.1,9.4,5,1.2,0.7,2.6
Saddiq Bey,Atl,F,63,32.7,0.837,0.522,0.316,0.497,13.7,6.5,1.5,0.8,0.2,0.9
Ausar Thompson,Det,F,63,25.1,0.597,0.575,0.186,0.505,8.8,6.4,1.9,1.1,0.9,1.3
Bilal Coulibaly,Was,G,63,27.2,0.702,0.502,0.346,0.509,8.4,4.1,1.7,0.9,0.8,1.4
James Wiseman,Det,C,63,17.3,0.706,0.617,0,0.613,7.1,5.3,0.9,0.2,0.6,1
Trendon Watford,Bro,F,63,13.6,0.794,0.564,0.397,0.571,6.9,3.1,1.3,0.4,0.3,1
Luke Kornet,Bos,C-F,63,15.6,0.907,0.698,1,0.702,5.3,4.1,1.1,0.4,1,0.3
Dwight Powell,Dal,F-C,63,13.3,0.708,0.689,0.333,0.684,3.3,3.4,1.3,0.4,0.3,0.5
JT Thor,Cha,F,63,12.4,0.55,0.51,0.346,0.514,3.2,2.3,0.5,0.2,0.4,0.2
Cade Cunningham,Det,G,62,33.5,0.869,0.487,0.355,0.5,22.7,4.3,7.5,0.9,0.4,3.4
Karl-Anthony Towns,Min,F,62,32.7,0.873,0.551,0.416,0.576,21.8,8.3,3,0.7,0.7,2.9
Scoot Henderson,Por,G,62,28.5,0.819,0.416,0.325,0.44,14,3.1,5.4,0.8,0.2,3.4
Amen Thompson,Hou,G-F,62,22.4,0.684,0.595,0.138,0.545,9.5,6.6,2.6,1.3,0.6,1.5
Kris Murray,Por,F,62,21.7,0.661,0.525,0.268,0.463,6.1,3.6,1.3,0.9,0.3,0.9
Goga Bitadze,Orl,C-F,62,15.4,0.655,0.636,0.143,0.608,5,4.6,1.3,0.5,1.2,0.7
Jalen Duren,Det,C,61,29.1,0.79,0.623,0,0.619,13.8,11.6,2.4,0.5,0.8,2.1
Santi Aldama,Mem,F-C,61,26.5,0.621,0.534,0.349,0.528,10.7,5.8,2.3,0.7,0.9,1.1
Jalen Smith,Ind,F-C,61,17.2,0.692,0.689,0.424,0.67,9.9,5.5,1,0.3,0.6,0.7
Sam Merrill,Cle,G,61,17.5,0.929,0.385,0.404,0.584,8,2,1.8,0.3,0.1,0.3
Day'Ron Sharpe,Bro,C,61,15.1,0.61,0.588,0.267,0.578,6.8,6.4,1.4,0.4,0.7,1.1
Dyson Daniels,Nor,G,61,22.3,0.642,0.551,0.311,0.514,5.8,3.9,2.7,1.4,0.4,1
Larry Nance Jr.,Nor,F-C,61,19.9,0.77,0.631,0.415,0.629,5.7,5,1.9,1,0.3,0.8
Blake Wesley,San,G,61,14.4,0.667,0.563,0.218,0.502,4.4,1.5,2.7,0.5,0.1,0.9
Jimmy Butler,Mia,F,60,34,0.858,0.519,0.414,0.537,20.8,5.3,5,1.3,0.3,1.7
Scottie Barnes,Tor,F-G,60,34.9,0.781,0.536,0.341,0.528,19.9,8.2,6.1,1.3,1.5,2.8
Gradey Dick,Tor,G,60,21.1,0.863,0.495,0.365,0.524,8.5,2.2,1.1,0.6,0,0.8
Isaiah Jackson,Ind,F,60,12.8,0.716,0.677,0,0.665,6.4,4,0.8,0.6,1,0.7
Josh Okogie,Pho,F,60,16,0.745,0.509,0.309,0.488,4.6,2.6,1.1,0.8,0.4,0.6
Jamal Murray,Den,G,59,31.5,0.853,0.51,0.425,0.554,21.2,4.1,6.5,1,0.7,2.1
Bennedict Mathurin,Ind,F,59,26.1,0.821,0.481,0.374,0.507,14.5,4,2,0.6,0.2,1.6
Daniel Theis,Lac,F-C,59,17.1,0.76,0.589,0.371,0.581,6.3,4.1,1,0.4,0.9,0.7
Bryce McGowens,Cha,G,59,14.9,0.776,0.523,0.333,0.513,5.1,1.7,0.9,0.4,0.2,0.5
Caleb Houstan,Orl,G,59,13.8,0.808,0.615,0.373,0.563,4.3,1.4,0.5,0.3,0.1,0.3
Chris Duarte,Sac,G,59,12.2,0.788,0.434,0.346,0.486,3.9,1.8,0.7,0.5,0.1,0.4
Dalen Terry,Chi,F,59,11.5,0.581,0.627,0.23,0.494,3.1,1.9,1.4,0.5,0.3,0.5
Kyrie Irving,Dal,G,58,35,0.905,0.548,0.411,0.573,25.6,5,5.2,1.3,0.5,1.8
Cameron Johnson,Bro,F,58,27.6,0.789,0.519,0.391,0.557,13.4,4.3,2.4,0.8,0.3,1
Lonnie Walker IV,Bro,G-F,58,17.4,0.763,0.471,0.384,0.528,9.7,2.2,1.3,0.6,0.3,0.9
Chris Paul,Gol,G,58,26.4,0.827,0.498,0.371,0.525,9.2,3.9,6.8,1.2,0.1,1.3
Trey Lyles,Sac,F,58,20,0.7,0.578,0.384,0.576,7.2,4.4,1.2,0.3,0.3,0.7
Jonathan Isaac,Orl,F,58,15.8,0.72,0.598,0.375,0.584,6.8,4.5,0.5,0.7,1.2,0.5
Justin Holiday,Den,F-G,58,14.9,0.75,0.569,0.404,0.595,4,1.2,1.2,0.6,0.2,0.2
KJ Martin,Phi,F,58,12.3,0.538,0.581,0.304,0.564,3.7,2.2,0.9,0.3,0.2,0.5
Zeke Nnaji,Den,F-C,58,9.9,0.677,0.5,0.261,0.483,3.2,2.2,0.6,0.3,0.7,0.5
Kristaps Porzingis,Bos,C,57,29.6,0.858,0.606,0.375,0.589,20.1,7.2,2,0.7,1.9,1.6
Darius Garland,Cle,G,57,33.3,0.834,0.501,0.371,0.524,18,2.7,6.5,1.3,0.1,3.1
De'Andre Hunter,Atl,F,57,29.5,0.847,0.521,0.385,0.547,15.6,3.9,1.5,0.7,0.3,1.5
Trey Murphy III,Nor,F,57,29.7,0.815,0.602,0.38,0.579,14.8,4.9,2.2,0.9,0.5,0.6
Josh Green,Dal,G,57,26.4,0.684,0.572,0.385,0.575,8.2,3.2,2.3,0.8,0.2,1.1
Nicolas Batum,Phi,G-F,57,25.9,0.714,0.6,0.399,0.599,5.5,4.2,2.2,0.8,0.6,0.7
Keon Ellis,Sac,G,57,17.2,0.743,0.578,0.417,0.612,5.4,2.2,1.5,0.9,0.5,0.6
Mo Bamba,Phi,C,57,13,0.68,0.537,0.391,0.553,4.4,4.2,0.7,0.4,1.1,0.7
Ben Sheppard,Ind,G,57,14.3,0.885,0.562,0.314,0.5,4.4,1.6,0.9,0.6,0,0.3
Andre Jackson Jr.,Mil,G,57,10,0.727,0.611,0.37,0.585,2.2,2,0.9,0.3,0.1,0.5
Jalen Johnson,Atl,F,56,33.7,0.728,0.574,0.355,0.562,16,8.7,3.6,1.2,0.8,1.8
Jose Alvarado,Nor,G,56,18.4,0.673,0.464,0.377,0.525,7.1,2.3,2.1,1.1,0.3,0.7
Dennis Smith Jr.,Bro,G,56,18.9,0.741,0.502,0.294,0.482,6.6,2.9,3.6,1.2,0.2,1.2
Jock Landale,Hou,C,56,13.6,0.8,0.578,0.25,0.539,4.9,3.1,1.2,0.4,0.6,0.6
AJ Green,Mil,G,56,11,0.895,0.519,0.408,0.599,4.5,1.1,0.5,0.2,0.1,0.2
Jordan McLaughlin,Min,G,56,11.2,0.722,0.5,0.472,0.628,3.5,1.3,2,0.6,0.1,0.3
Donovan Mitchell,Cle,G,55,35.3,0.868,0.539,0.368,0.545,26.6,5.1,6.1,1.8,0.5,2.8
Lauri Markkanen,Uta,F,55,33.1,0.899,0.559,0.399,0.578,23.2,8.2,2,0.9,0.5,1.4
Jordan Clarkson,Uta,G,55,30.6,0.881,0.485,0.294,0.469,17.1,3.4,5,0.6,0.1,2.7
Deandre Ayton,Por,C,55,32.4,0.823,0.576,0.1,0.571,16.7,11.1,1.6,1,0.8,1.8
Khris Middleton,Mil,F,55,27,0.833,0.563,0.381,0.566,15.1,4.7,5.3,0.9,0.3,2.3
Wendell Carter Jr.,Orl,C,55,25.6,0.694,0.626,0.374,0.6,11,6.9,1.7,0.6,0.5,1.2
Onyeka Okongwu,Atl,F-C,55,25.5,0.793,0.676,0.333,0.642,10.2,6.8,1.3,0.5,1.1,0.8
Kevin Love,Mia,F,55,16.8,0.787,0.643,0.344,0.557,8.8,6.1,2.1,0.3,0.2,0.9
Dereck Lively II,Dal,C,55,23.5,0.506,0.752,0,0.747,8.8,6.9,1.1,0.7,1.4,0.9
Draymond Green,Gol,F,55,27.1,0.73,0.551,0.395,0.566,8.6,7.2,6,1,0.9,2.5
Dante Exum,Dal,G,55,19.8,0.779,0.557,0.491,0.621,7.8,2.7,2.9,0.4,0.1,0.9
John Konchar,Mem,G,55,21.3,0.84,0.568,0.317,0.514,4.3,4.7,2,0.9,0.9,0.8
Oshae Brissett,Bos,F-G,55,11.5,0.602,0.541,0.273,0.493,3.7,2.9,0.8,0.3,0.1,0.4
Trae Young,Atl,G,54,36,0.855,0.479,0.373,0.516,25.7,2.8,10.8,1.3,0.2,4.4
Jerami Grant,Por,F,54,33.9,0.817,0.474,0.402,0.516,21,3.5,2.8,0.8,0.6,2.1
Gary Harris,Orl,G,54,24,0.756,0.598,0.371,0.569,6.9,1.7,1.6,0.9,0.3,0.6
Dean Wade,Cle,F,54,20.5,0.769,0.567,0.391,0.584,5.4,4,0.8,0.7,0.5,0.4
Kessler Edwards,Sac,F,54,5.1,0.556,0.467,0.385,0.537,1.7,0.8,0.3,0.2,0.1,0.1
Bradley Beal,Pho,G,53,33.3,0.813,0.552,0.43,0.582,18.2,4.4,5,1,0.5,2.5
Torrey Craig,Chi,F,53,19.8,0.75,0.49,0.392,0.55,5.7,4.1,1.1,0.6,0.4,0.6
Buddy Hield,Ind,G,52,25.7,0.848,0.575,0.384,0.575,12,3.2,2.7,0.8,0.6,1.2
Vince Williams Jr.,Mem,G,52,27.6,0.8,0.529,0.378,0.55,10,5.6,3.4,0.9,0.7,1.8
Dennis Schroder,Tor,G,51,30.6,0.852,0.501,0.35,0.511,13.7,2.7,6.1,0.9,0.2,1.6
Talen Horton-Tucker,Uta,G,51,19.8,0.807,0.438,0.33,0.46,10.1,2.4,3.5,0.9,0.4,1.3
Ziaire Williams,Mem,F,51,20.3,0.827,0.487,0.307,0.474,8.2,3.5,1.5,0.7,0.2,1.3
Nick Smith Jr.,Cha,G,51,14.3,0.867,0.35,0.432,0.5,5.9,1.4,1.2,0.2,0.1,0.8
Craig Porter,Cle,G,51,12.7,0.732,0.536,0.353,0.535,5.6,2.1,2.3,0.4,0.3,0.9
Ochai Agbaji,Uta,G,51,19.7,0.75,0.551,0.331,0.52,5.4,2.5,0.9,0.5,0.6,0.7
Evan Mobley,Cle,C,50,30.6,0.719,0.604,0.373,0.6,15.7,9.4,3.2,0.9,1.4,1.8
Jakob Poeltl,Tor,C,50,26.4,0.551,0.656,0,0.656,11.1,8.6,2.5,0.7,1.5,1.5
Simone Fontecchio,Uta,F,50,23.2,0.8,0.56,0.391,0.577,8.9,3.5,1.5,0.6,0.4,1
Kelly Olynyk,Uta,F-C,50,20.4,0.842,0.626,0.429,0.632,8.1,5.1,4.4,0.7,0.2,1.6
Christian Wood,Lal,F,50,17.4,0.702,0.587,0.307,0.532,6.9,5.1,1,0.3,0.7,1
Chris Boucher,Tor,F-C,50,14.1,0.772,0.642,0.33,0.578,6.4,4.1,0.5,0.3,0.5,0.6
Jae Crowder,Mil,F,50,23.1,0.722,0.538,0.349,0.53,6.2,3.2,1.3,0.8,0.2,0.5
Julian Strawther,Den,G,50,10.9,0.71,0.488,0.297,0.462,4.5,1.2,0.9,0.3,0.1,0.5
Anthony Gill,Was,F,50,9.3,0.806,0.546,0.244,0.5,3.8,1.9,0.7,0.3,0.2,0.5
Jalen McDaniels,Tor,F-C,50,10.8,0.73,0.449,0.169,0.376,3.4,1.6,0.7,0.4,0.1,0.6
Johnny Davis,Was,G,50,12.3,0.583,0.421,0.35,0.448,3,1.4,0.6,0.4,0.2,0.3
Precious Achiuwa,Nyk,F,49,24.2,0.643,0.578,0.26,0.547,7.6,7.2,1.1,0.6,1.1,1.1
Royce O'Neale,Bro,F,49,24.5,0.682,0.483,0.366,0.537,7.4,4.5,2.8,0.7,0.6,1
Tristan Thompson,Cle,C-F,49,11.2,0.288,0.619,0,0.613,3.3,3.6,1,0.2,0.3,0.6
GG Jackson,Mem,F,48,25.7,0.752,0.502,0.357,0.519,14.6,4.1,1.2,0.6,0.5,1.4
Spencer Dinwiddie,Bro,G,48,30.7,0.781,0.48,0.32,0.48,12.6,3.3,6,0.8,0.2,1.3
David Roddy,Mem,F,48,23.2,0.687,0.47,0.301,0.462,8.4,4.2,1.6,0.5,0.2,1.1
Cam Reddish,Lal,F-G,48,20.5,0.759,0.435,0.336,0.468,5.4,2.1,1,1,0.3,0.6
Omer Yurtseven,Uta,C,48,11.4,0.679,0.588,0.208,0.552,4.6,4.3,0.6,0.2,0.4,0.8
MarJon Beauchamp,Mil,F,48,12.7,0.679,0.56,0.4,0.578,4.4,2.1,0.6,0.3,0.1,0.6
Alex Len,Sac,C,48,9.3,0.588,0.641,0,0.617,2.5,2.7,1,0.2,0.7,0.6
Cam Whitmore,Hou,F,47,18.7,0.679,0.538,0.359,0.539,12.3,3.8,0.7,0.6,0.4,1
Grant Williams,Dal,F,47,26.4,0.745,0.486,0.376,0.538,8.1,3.6,1.7,0.5,0.6,1.1
Patrick Beverley,Phi,G,47,19.6,0.81,0.523,0.321,0.504,6.3,3.1,3.1,0.5,0.4,1
Cameron Payne,Mil,G,47,14.9,0.841,0.538,0.397,0.572,6.2,1.3,2.3,0.5,0.1,0.7
Chuma Okeke,Orl,F,47,9.2,0.571,0.567,0.28,0.46,2.3,1.7,0.4,0.2,0.1,0.3
Julius Randle,Nyk,F,46,35.4,0.781,0.539,0.311,0.518,24,9.2,5,0.5,0.3,3.5
Anfernee Simons,Por,G,46,34.4,0.916,0.472,0.385,0.523,22.6,3.6,5.5,0.5,0.1,2.7
Isaiah Stewart,Det,F,46,30.9,0.753,0.575,0.383,0.575,10.9,6.6,1.6,0.4,0.8,1.4
Nikola Jovic,Mia,F,46,19.5,0.702,0.525,0.399,0.568,7.7,4.2,2,0.5,0.3,0.9
Landry Shamet,Was,G,46,15.8,0.826,0.556,0.338,0.527,7.1,1.3,1.2,0.5,0.2,0.7
Doug McDermott,San,F,46,15.2,0.588,0.452,0.439,0.619,6,1,1.2,0.2,0,0.5
Mason Plumlee,Lac,F-C,46,14.7,0.707,0.592,0,0.569,5.3,5.1,1.2,0.3,0.4,0.8
Sandro Mamukelashvili,San,F-C,46,9.8,0.735,0.6,0.297,0.536,4.1,3.2,1.1,0.2,0.3,0.4
JaVale McGee,Sac,C-F,46,7.4,0.578,0.624,0.143,0.602,4,2.7,0.4,0.3,0.4,0.7
Daniel Gafford,Was,C,45,26.5,0.706,0.69,0,0.69,10.9,8,1.5,1,2.2,1
Quentin Grimes,Nyk,G,45,20.2,0.706,0.486,0.363,0.53,7.3,2,1.2,0.7,0.1,0.5
Bruno Fernando,Atl,F-C,45,15.2,0.667,0.596,0,0.583,6.3,4.3,1,0.6,0.6,1
Nassir Little,Pho,F-G,45,10.2,0.85,0.667,0.3,0.544,3.4,1.7,0.5,0.2,0.2,0.3
Jericho Sims,Nyk,C,45,13,0.667,0.691,0,0.691,2,3.3,0.6,0.2,0.4,0.4
P.J. Washington,Cha,F,44,29.2,0.713,0.558,0.324,0.524,13.6,5.3,2.2,0.9,0.7,1.5
Gary Payton II,Gol,G,44,15.5,0.609,0.648,0.364,0.617,5.5,2.6,1.1,0.9,0.4,0.6
Reggie Bullock Jr.,Hou,G-F,44,9.5,1,0.467,0.403,0.579,2.2,1.7,0.3,0.3,0.1,0.2
Kobe Brown,Lac,F,44,9,0.5,0.548,0.292,0.489,2,1.4,0.6,0.3,0.1,0.2
Alec Burks,Det,G,43,20.9,0.903,0.384,0.401,0.516,12.6,2.6,1.6,0.5,0.3,0.7
Patrick Williams,Chi,F,43,27.3,0.788,0.474,0.399,0.525,10,3.9,1.5,0.9,0.8,1.3
Josh Richardson,Mia,G,43,25.6,0.944,0.561,0.347,0.539,9.9,2.8,2.4,0.6,0.3,0.8
Markelle Fultz,Orl,G,43,21.2,0.697,0.487,0.222,0.479,7.8,3.2,2.8,1,0.3,1.2
Bol Bol,Pho,C-F,43,10.9,0.789,0.717,0.423,0.689,5.2,3.2,0.4,0.2,0.6,0.4
Jalen Wilson,Bro,F,43,15.4,0.826,0.495,0.324,0.492,5,3,1,0.3,0.1,0.4
Eugene Omoruyi,Was,F,43,9.1,0.653,0.562,0.283,0.524,4.8,2,0.8,0.6,0.1,0.5
Maxi Kleber,Dal,C,43,20.3,0.702,0.574,0.348,0.541,4.4,3.3,1.6,0.4,0.7,0.7
Luka Samanic,Uta,F,43,9.4,0.786,0.5,0.203,0.421,4.1,2.4,0.4,0.1,0.2,0.7
Ish Smith,Cha,G,43,17.2,0.75,0.413,0.5,0.43,3.2,1.8,3.4,0.4,0.1,1.1
Cody Zeller,Nor,F-C,43,7.4,0.605,0.424,0.333,0.427,1.8,2.6,0.9,0.2,0.1,0.4
Desmond Bane,Mem,G,42,34.4,0.87,0.536,0.381,0.552,23.7,4.4,5.5,1,0.5,2.7
Tyler Herro,Mia,G,42,33.5,0.856,0.478,0.396,0.531,20.8,5.3,4.5,0.7,0.1,2.2
Killian Hayes,Det,G,42,24,0.66,0.455,0.297,0.452,6.9,2.8,4.9,0.9,0.5,1.2
Sasha Vezenkov,Sac,F,42,12.2,0.8,0.549,0.375,0.558,5.4,2.3,0.5,0.5,0.2,0.3
A.J. Lawson,Dal,G,42,7.4,0.652,0.577,0.26,0.5,3.2,1.2,0.5,0.2,0.1,0.3
Pascal Siakam,Ind,F,41,31.8,0.699,0.58,0.386,0.579,21.3,7.8,3.7,0.8,0.4,1.4
Svi Mykhailiuk,Bos,G-F,41,10.1,0.667,0.517,0.389,0.569,4,1.2,0.9,0.3,0,0.3
Taylor Hendricks,Uta,F,40,21.4,0.793,0.55,0.379,0.56,7.3,4.6,0.8,0.7,0.8,0.7
Jared Butler,Was,G,40,14.1,0.861,0.602,0.308,0.547,6.3,1.5,3.2,0.7,0.2,1.3
Jordan Goodwin,Pho,G,40,14,0.862,0.46,0.288,0.448,5,2.9,2,0.6,0.2,0.7
Olivier-Maxence Prosper,Dal,F,40,8.4,0.683,0.458,0.289,0.447,3,2,0.6,0.2,0.1,0.2
Julian Phillips,Chi,F,40,8.1,0.684,0.513,0.316,0.494,2.2,0.9,0.3,0.2,0.2,0.3
Joel Embiid,Phi,C,39,33.6,0.883,0.556,0.388,0.561,34.7,11,5.6,1.2,1.7,3.8
Pascal Siakam,Tor,F,39,34.7,0.758,0.584,0.317,0.559,22.2,6.3,4.8,0.8,0.3,2.1
Malcolm Brogdon,Por,G,39,28.7,0.819,0.458,0.412,0.522,15.7,3.8,5.5,0.7,0.2,1.5
Luke Kennard,Mem,G,39,25.6,0.889,0.442,0.45,0.617,11,2.9,3.5,0.5,0.1,1.4
Keita Bates-Diop,Pho,F,39,15.3,0.722,0.512,0.313,0.493,4.5,2.6,0.9,0.6,0.5,0.3
Rayan Rupert,Por,G-F,39,16.2,0.76,0.313,0.359,0.422,4,2.4,1.6,0.3,0.1,0.8
Jeremiah Robinson-Earl,Nor,F,39,8.6,0.75,0.571,0.333,0.542,2.9,1.9,0.5,0.3,0.1,0.4
Damian Jones,Cle,C,39,6.9,0.857,0.69,0.214,0.618,2.7,1.6,0.4,0.2,0.3,0.3
Immanuel Quickley,Tor,G,38,33.3,0.841,0.448,0.395,0.518,18.6,4.8,6.8,0.9,0.2,1.8
De'Anthony Melton,Phi,G,38,26.9,0.835,0.425,0.36,0.493,11.1,3.7,3,1.6,0.4,1
Thomas Bryant,Mia,C-F,38,11.6,0.872,0.646,0.182,0.591,5.7,3.7,0.6,0.3,0.4,0.6
Shake Milton,Min,G-F,38,12.9,0.818,0.467,0.264,0.444,4.7,1.3,1.3,0.4,0.1,0.7
Patrick Baldwin,Was,F,38,13,0.69,0.483,0.32,0.481,4.4,3.2,0.8,0.5,0.4,0.5
Lindy Waters III,Okc,F,38,7.4,1,0.632,0.435,0.649,3.6,1.1,0.6,0.1,0.2,0.2
Trent Forrest,Atl,G,38,10.9,0.765,0.4,0.2,0.389,2.2,1.3,2.4,0.3,0.1,0.5
Kyle Lowry,Mia,G,37,28,0.833,0.506,0.385,0.554,8.2,3.5,4,1.1,0.4,1.4
Bones Hyland,Lac,G,37,14.6,0.783,0.457,0.326,0.474,6.9,1.5,2.5,0.7,0.1,1.2
Marcus Morris Sr.,Phi,F,37,17.2,0.861,0.47,0.4,0.527,6.7,2.9,0.7,0.4,0.3,0.5
Chimezie Metu,Pho,F-C,37,12.1,0.884,0.646,0.294,0.565,5,3,0.5,0.5,0.2,0.7
Jacob Gilyard,Mem,G,37,17.7,1,0.375,0.425,0.594,4.7,1.2,3.5,0.7,0.1,0.8
Lester Quinones,Gol,G,37,10.7,0.69,0.453,0.364,0.511,4.4,1.9,1,0.2,0.1,0.5
Troy Brown Jr.,Min,G-F,37,11.1,0.864,0.618,0.369,0.572,4.2,1.9,0.9,0.2,0.1,0.5
Seth Curry,Dal,G,36,12.7,0.895,0.385,0.363,0.472,4.3,1.4,0.8,0.5,0.1,0.4
DeAndre Jordan,Den,C,36,11,0.491,0.624,0,0.624,3.9,4.4,0.7,0.2,0.4,0.6
Wesley Matthews,Atl,G,36,11.5,0.75,0.357,0.348,0.474,3.1,1.5,0.6,0.4,0.3,0.2
Orlando Robinson,Mia,C,36,8.4,0.76,0.491,0.533,0.556,2.8,2.3,0.9,0.2,0.2,0.5
Jake LaRavia,Mem,F,35,23,0.826,0.442,0.34,0.477,10.8,3.7,1.7,0.8,0.3,1.3
Furkan Korkmaz,Phi,G-F,35,8.6,0.7,0.444,0.35,0.487,2.5,0.9,0.7,0.4,0.1,0.3
Bruce Brown,Tor,G-F,34,26,0.833,0.532,0.317,0.519,9.6,3.8,2.7,0.7,0.3,1.3
Jordan Nwora,Tor,F,34,15.6,0.833,0.557,0.347,0.541,7.9,3.4,1.3,0.6,0.4,1.2
Xavier Tillman,Mem,C,34,20.6,0.419,0.469,0.226,0.437,6,4.6,1.7,1.2,1,0.9
Danuel House Jr.,Phi,F-G,34,15,0.761,0.582,0.3,0.519,4.2,1.7,0.8,0.4,0.1,0.6
Justin Minaya,Por,F,34,11.2,0.556,0.4,0.245,0.378,1.8,1.6,0.6,0.3,0.3,0.3
Thanasis Antetokounmpo,Mil,F,34,4.6,0,0.552,0,0.533,0.9,0.4,0.5,0.2,0.1,0.4
Maxwell Lewis,Lal,F,34,3,0.667,0.25,0.111,0.214,0.3,0.1,0.2,0.1,0,0.3
Bruce Brown,Ind,G,33,29.7,0.817,0.545,0.327,0.527,12.1,4.7,3,1.1,0.2,1.2
Dominick Barlow,San,F,33,12.7,0.69,0.51,0.333,0.509,4.4,3.4,1.1,0.4,0.4,0.3
Delon Wright,Was,G,33,13.8,0.828,0.405,0.368,0.451,4.1,1.8,2.5,1.1,0.2,0.3
Ousmane Dieng,Okc,F,33,11.1,0.875,0.609,0.3,0.513,4,1.5,1.1,0.2,0.2,0.6
Jarace Walker,Ind,F,33,10.3,0.889,0.418,0.4,0.509,3.6,1.9,1.2,0.5,0.3,0.5
RJ Barrett,Tor,F,32,33.5,0.629,0.603,0.392,0.599,21.8,6.4,4.1,0.6,0.4,2.5
Shaedon Sharpe,Por,G,32,33.1,0.824,0.457,0.333,0.475,15.9,5,2.9,0.9,0.4,2.3
Buddy Hield,Phi,G,32,25.8,0.923,0.492,0.389,0.55,12.2,3.2,3,0.8,0.3,1.3
Brice Sensabaugh,Uta,F,32,18.3,0.902,0.495,0.296,0.468,7.5,3.2,1.7,0.4,0.2,1.5
Ricky Council IV,Phi,G,32,9,0.746,0.525,0.375,0.536,5.4,1.4,0.5,0.3,0,0.2
Brandon Boston Jr.,Lac,G,32,10.8,0.697,0.468,0.269,0.447,5.2,1.6,0.4,0.3,0.3,0.8
Jaden Springer,Phi,G,32,11.8,0.824,0.469,0.216,0.424,4,1.8,1.1,0.8,0.3,0.8
Josh Minott,Min,F,32,2.9,0.857,0.5,0.4,0.528,1.6,0.5,0.3,0.2,0.1,0.1
Terry Rozier,Mia,G,31,31.5,0.913,0.458,0.371,0.497,16.4,4.2,4.6,1,0.3,1.3
Cameron Payne,Phi,G,31,19.4,0.913,0.447,0.382,0.514,9.3,1.8,3.1,0.6,0.3,1.1
Kevin Knox II,Det,F,31,18.1,0.909,0.598,0.33,0.546,7.2,2.4,0.7,0.4,0.2,0.7
Mitchell Robinson,Nyk,C,31,24.8,0.409,0.575,0,0.575,5.6,8.5,0.6,1.2,1.1,0.8
Malachi Flynn,Tor,G,31,15.3,0.773,0.491,0.35,0.511,5.1,2.1,2.4,0.6,0.2,1.1
Terry Taylor,Chi,F,31,6.1,0.8,0.6,0.222,0.538,1.5,1.2,0.3,0.2,0.1,0.2
Terry Rozier,Cha,G,30,35.5,0.845,0.533,0.358,0.535,23.2,3.9,6.6,1.1,0.4,2.2
Dalano Banton,Por,F,30,29.2,0.78,0.474,0.311,0.471,16.7,4.8,3.6,0.9,0.6,2.2
Immanuel Quickley,Nyk,G,30,24,0.872,0.509,0.395,0.549,15,2.6,2.5,0.5,0.1,1
Vasilije Micic,Cha,G,30,27.2,0.839,0.529,0.294,0.495,10.8,2.1,6.2,0.7,0.1,2.3
Royce O'Neale,Pho,F,30,25.1,0.692,0.509,0.376,0.549,8.1,5.2,2.7,0.9,0.5,0.7
Bismack Biyombo,Mem,C,30,23.9,0.478,0.563,0,0.563,5.2,6.4,1.7,0.3,1.1,1.3
Vasilije Micic,Okc,G,30,12,0.737,0.565,0.244,0.467,3.3,0.8,2.5,0.3,0.1,1
Colby Jones,Sac,G,30,6.4,0.545,0.531,0.091,0.408,2.1,1.3,0.7,0.2,0.2,0.3
Dennis Schroder,Bro,G,29,32,0.797,0.432,0.412,0.507,14.6,3.5,6,0.6,0.3,2.4
Grant Williams,Cha,F,29,30.6,0.765,0.605,0.373,0.585,13.9,5.1,3.2,0.7,0.4,1.9
P.J. Washington,Dal,F,29,32.2,0.627,0.556,0.314,0.508,11.7,6.2,1.5,1.2,0.9,1
Daniel Gafford,Dal,F-C,29,21.5,0.607,0.78,0,0.78,11.2,6.9,1.6,0.7,1.9,1
Bojan Bogdanovic,Nyk,F,29,19.2,0.8,0.488,0.37,0.521,10.4,2,0.9,0.2,0,1.3
Evan Fournier,Det,G-F,29,18.7,0.794,0.512,0.27,0.45,7.2,1.9,1.6,0.9,0.2,0.7
Jarred Vanderbilt,Lal,F,29,20,0.667,0.586,0.296,0.553,5.2,4.8,1.2,1.2,0.2,1
Yuta Watanabe,Pho,G-F,29,13.2,0.667,0.5,0.32,0.485,3.6,1.5,0.3,0.3,0.2,0.6
Bojan Bogdanovic,Det,F,28,32.9,0.779,0.518,0.415,0.569,20.2,3.4,2.5,0.8,0.1,2.3
Kelly Olynyk,Tor,F-C,28,26.4,0.824,0.637,0.338,0.598,12.7,5.6,4.6,1.3,0.6,2.5
Tre Mann,Cha,G,28,31,0.759,0.509,0.364,0.524,11.9,4.5,5.2,1.7,0.1,2
Davis Bertans,Cha,F,28,20.8,0.889,0.5,0.375,0.553,8.8,1.8,0.9,0.8,0.3,0.6
Cody Martin,Cha,F,28,26.9,0.606,0.426,0.314,0.444,7.5,3.9,3.7,1.1,0.6,1.6
Spencer Dinwiddie,Lal,G,28,24.2,0.88,0.412,0.389,0.521,6.8,1.7,2.4,0.5,0.5,1
Neemias Queta,Bos,C,28,11.9,0.714,0.644,0,0.644,5.5,4.4,0.7,0.5,0.8,0.5
Matt Ryan,Nor,F,28,13.9,0.929,0.364,0.451,0.615,5.4,1.4,0.6,0.2,0,0.7
P.J. Tucker,Lac,F,28,15,1,0.333,0.367,0.478,1.6,2.5,0.6,0.5,0.2,0.2
OG Anunoby,Tor,F,27,33.3,0.717,0.608,0.374,0.584,15.1,4,2.7,1,0.5,1.6
Ochai Agbaji,Tor,G,27,23.6,0.611,0.496,0.217,0.432,6.7,3.3,1.3,0.7,0.6,1.1
Monte Morris,Min,G,27,15.1,0.706,0.41,0.424,0.521,5.1,1.7,2.3,0.7,0.3,0.2
Garrett Temple,Tor,G-F,27,10.7,0.818,0.447,0.3,0.449,3.3,1.7,1,0.4,0.1,0.5
Jalen Pickett,Den,G,27,4.5,0.75,0.6,0.36,0.557,1.6,0.5,0.8,0.1,0,0.3
RJ Barrett,Nyk,F,26,29.5,0.831,0.469,0.331,0.478,18.2,4.3,2.4,0.5,0.3,1.8
Marvin Bagley III,Det,F,26,18.4,0.82,0.606,0.167,0.594,10.2,4.5,1,0.2,0.5,1.1
Danilo Gallinari,Was,F,26,14.8,0.839,0.552,0.313,0.511,7,2.9,1.2,0.2,0.1,0.5
Patrick Beverley,Mil,G,26,20.9,0.852,0.424,0.361,0.486,6,3.6,2.6,0.7,0.5,0.6
Gordon Hayward,Okc,F,26,17.2,0.692,0.429,0.517,0.524,5.3,2.5,1.6,0.5,0,0.6
Robert Covington,Phi,F,26,16.1,0.875,0.561,0.354,0.545,4.5,3.4,0.7,1.3,0.6,0.4
Jontay Porter,Tor,C-F,26,13.8,0.833,0.455,0.333,0.481,4.4,3.2,2.3,0.8,0.8,0.8
Jamal Cain,Mia,F,26,10,0.783,0.479,0.355,0.5,3.7,1.4,0.4,0.4,0.2,0.3
Leaky Black,Cha,F,26,10.9,0.667,0.5,0.45,0.567,2.7,1.8,0.9,0.3,0.4,0.2
Markieff Morris,Dal,F,26,8.3,0.833,0.308,0.357,0.449,2.5,1.5,0.6,0.2,0.1,0.5
Cory Joseph,Gol,G,26,11.4,0.571,0.455,0.31,0.461,2.4,1.2,1.6,0.2,0.1,0.5
Zach LaVine,Chi,G,25,34.9,0.854,0.536,0.349,0.531,19.5,5.1,3.9,0.8,0.3,2.1
Gordon Hayward,Cha,F,25,31.9,0.765,0.496,0.361,0.505,14.5,4.7,4.6,1.1,0.5,2
Precious Achiuwa,Tor,F,25,17.5,0.571,0.528,0.277,0.497,7.7,5.4,1.8,0.6,0.5,1.2
Luka Garza,Min,C,25,4.9,0.72,0.628,0.281,0.54,4,1.2,0.2,0.2,0,0.2
Nathan Mensah,Cha,C,25,12.3,0.75,0.429,0,0.429,1.3,2.6,0.4,0.2,0.6,0.6
Wendell Moore Jr.,Min,G,25,3,0,0.75,0,0.5,0.7,0.5,0.2,0.2,0,0.2
Marvin Bagley III,Was,F,24,24,0.708,0.59,0.471,0.599,13.3,8,1.2,0.6,0.8,1.3
Derrick Rose,Mem,G,24,16.6,0.889,0.492,0.366,0.506,8,1.9,3.3,0.3,0.1,1.3
Malachi Flynn,Det,G,24,14.3,0.684,0.528,0.316,0.503,8,1.8,2.1,0.8,0.1,1.1
Stanley Umude,Det,G,24,12.8,0.906,0.419,0.453,0.583,5.3,2.1,0.5,0.3,0.3,0.6
Mike Muscala,Was,F-C,24,14.1,0.75,0.487,0.275,0.444,4,3.1,1,0.2,0.3,0.7
Collin Gillespie,Den,G,24,9.4,0.667,0.548,0.395,0.572,3.6,0.9,1.1,0.5,0,0.6
Saben Lee,Pho,G,24,7.7,0.744,0.462,0.125,0.382,3,1.3,1.3,0.3,0.1,0.3
Dalano Banton,Bos,F,24,7.1,0.8,0.486,0.125,0.392,2.3,1.5,0.8,0.2,0.1,0.4
OG Anunoby,Nyk,F,23,34.9,0.791,0.553,0.394,0.568,14.1,4.4,1.5,1.7,1,1.7
Kyle Lowry,Phi,G,23,28.4,0.848,0.522,0.404,0.578,8,2.8,4.6,0.9,0.3,1.4
Trey Jemison,Mem,C,23,24.9,0.84,0.551,0,0.551,7.4,5.8,1.2,0.5,1.2,1.5
Alec Burks,Nyk,G,23,13.5,0.727,0.313,0.301,0.383,6.5,1.7,0.9,0.3,0,0.7
Noah Clowney,Bro,F,23,16.1,0.7,0.633,0.364,0.602,5.8,3.5,0.8,0.3,0.7,0.7
Thaddeus Young,Tor,F,23,15.2,0.417,0.654,0.167,0.626,5,3.3,2.2,0.8,0.1,0.5
Devonte' Graham,San,G,23,13.6,0.813,0.52,0.301,0.468,5,1.6,2.1,0.4,0.1,0.7
Isaiah Livers,Det,F,23,20.4,0.667,0.462,0.286,0.44,5,2.1,1.1,0.6,0.2,0.7
Gui Santos,Gol,F,23,8.4,0.941,0.643,0.37,0.6,3.6,2.1,0.6,0.2,0.1,0.3
Onuralp Bitim,Chi,F,23,11.7,0.8,0.5,0.273,0.452,3.5,1.4,0.6,0.1,0.1,0.4
Richaun Holmes,Dal,F,23,10.3,0.571,0.559,0,0.559,3.4,3.4,0.7,0.1,0.4,0.5
Admiral Schofield,Orl,F,23,3.7,0,0.4,0.375,0.5,1.1,0.7,0.3,0,0,0.2
LaMelo Ball,Cha,G,22,32.3,0.865,0.5,0.355,0.515,23.9,5.1,8,1.8,0.2,3.8
Tari Eason,Hou,F,22,21.8,0.636,0.504,0.36,0.513,9.8,7,1.2,1.4,0.9,0.9
Javon Freeman-Liberty,Tor,G,22,18.3,0.917,0.549,0.238,0.484,7,3.2,1.8,0.5,0.2,1.1
Vit Krejci,Atl,G,22,24.6,0.833,0.639,0.412,0.625,6.1,2.4,2.3,0.6,0.3,0.9
Troy Brown Jr.,Det,G-F,22,18.9,0.867,0.314,0.281,0.37,4.2,3.3,1.1,0.7,0,0.5
Moses Brown,Por,C,22,9.1,0.29,0.508,0,0.508,3.4,3.9,0.3,0.2,0.3,0.5
Nate Williams,Hou,G,22,5.9,0.538,0.556,0.4,0.56,2.9,1,0.3,0.2,0,0.2
Ibou Badji,Por,C,22,10.3,0.5,0.636,0,0.636,1.5,2.3,0.6,0.1,0.9,0.7
Jerome Robinson,Gol,G,22,3.7,0.636,0.563,0.118,0.364,1.4,0.3,0.2,0,0.1,0.1
Scotty Pippen Jr.,Mem,G,21,25.1,0.745,0.534,0.417,0.567,12.9,3.2,4.7,1.7,0.5,2.7
Skylar Mays,Por,G,21,17,0.765,0.438,0.286,0.435,6.3,1.8,3.6,0.7,0.1,0.9
Jalen Hood-Schifino,Lal,G,21,5.2,0.6,0.267,0.133,0.244,1.6,0.6,0.4,0.1,0.1,0.4
Chris Livingston,Mil,F,21,4.3,0.75,0.588,0.2,0.523,1.2,1,0.2,0.1,0,0.2
Marcus Smart,Mem,G,20,30.2,0.768,0.583,0.313,0.519,14.5,2.7,4.3,2.1,0.3,3.1
Johnny Juzang,Uta,G,20,18.6,0.714,0.576,0.416,0.609,7.2,1.8,1.2,0.2,0.1,0.7
Xavier Tillman,Bos,F,20,13.7,0.571,0.684,0.286,0.576,4,2.7,1,0.5,0.5,0.3
AJ Griffin,Atl,F,20,8.5,1,0.348,0.256,0.371,2.4,0.9,0.3,0.1,0.1,0.4
Jay Huff,Den,C,20,2.5,1,1,0.333,0.7,1.2,0.6,0.1,0.1,0.2,0.1
Braxton Key,Den,F,20,3,0.75,0.417,0.4,0.471,1.1,0.9,0.5,0.1,0.1,0.1
Ryan Arcidiacono,Nyk,G,20,2.3,0,0,0,0,0,0.4,0.2,0.1,0,0.1
Mark Williams,Cha,C,19,26.8,0.719,0.649,0,0.649,12.7,9.7,1.2,0.8,1.1,0.9
Lamar Stevens,Mem,F,19,23,0.791,0.484,0.289,0.474,11.5,5.1,1.1,0.9,0.9,0.8
Ashton Hagans,Por,G-F,19,16.6,0.824,0.457,0.32,0.465,4.2,2.4,2.8,0.6,0.5,1.6
Jules Bernard,Was,G,19,7.9,0.556,0.514,0.379,0.539,3.9,1.4,0.8,0.2,0.1,0.4
Charles Bassey,San,C-F,19,10.8,0.833,0.744,0,0.725,3.3,4,1.1,0.4,0.9,0.8
Lamar Stevens,Bos,F,19,6.4,0.727,0.486,0.375,0.5,2.8,1.6,0.4,0.3,0.3,0.5
Patty Mills,Atl,G,19,10.6,0,0.353,0.382,0.5,2.7,1.1,0.7,0.5,0.1,0.4
Aleksej Pokusevski,Cha,F,18,19.2,0.757,0.475,0.364,0.505,7.4,4.4,1.7,0.8,0.7,0.9
Jordan Nwora,Ind,F,18,10.1,0.818,0.565,0.306,0.518,5.2,1.8,1,0.3,0.1,0.7
Doug McDermott,Ind,F,18,11.4,0.5,0.769,0.321,0.536,4.2,0.6,0.7,0.3,0,0.2
Cole Swider,Mia,F,18,4.8,1,0.625,0.333,0.526,2.3,0.4,0.3,0.1,0.1,0.4
Jett Howard,Orl,G,18,3.7,0.5,0.6,0.28,0.45,1.6,0.4,0.3,0.1,0.1,0.2
Hunter Tyson,Den,F,18,2.7,0,0.667,0.286,0.5,1.1,0.5,0.1,0.1,0,0.1
Jordan Goodwin,Mem,G,17,29.3,0.633,0.367,0.311,0.399,10,8,4.5,1.5,0.5,1.6
Richaun Holmes,Was,F,17,18.7,0.846,0.565,0.333,0.563,7.1,6.1,0.6,0.5,0.6,0.7
Jared Rhoden,Det,G,17,14.4,0.625,0.6,0.387,0.591,4.9,1.9,0.8,0.2,0.8,0.4
Kobe Bufkin,Atl,G,17,11.5,0.5,0.481,0.225,0.418,4.8,1.9,1.6,0.4,0.3,0.6
Brandon Williams,Dal,G,17,6.6,0.647,0.436,0.2,0.398,3.2,0.8,1,0.1,0.1,0.4
Danilo Gallinari,Mil,F,17,9.1,0.889,0.55,0.176,0.419,2.8,1.1,0.7,0.4,0.1,0.6
Jaden Springer,Bos,G,17,7.6,0.875,0.579,0.182,0.467,2.1,1.2,0.5,0.6,0.2,0.5
Leonard Miller,Min,F,17,3.1,0.5,0.733,0.4,0.7,1.7,1.2,0.5,0.1,0.1,0.1
Skylar Mays,Lal,G,17,4.5,0,0.5,0.4,0.524,1.3,0.4,0.6,0.4,0.1,0.1
David Roddy,Pho,F,17,3.7,1,0.6,0.125,0.457,1.3,0.6,0.2,0.1,0,0.2
DaQuan Jeffries,Nyk,G-F,17,2.7,0,0.571,0.2,0.412,0.8,0.3,0.3,0,0.1,0.2
Simone Fontecchio,Det,F,16,30.3,0.846,0.539,0.426,0.592,15.4,4.4,1.8,0.9,0.3,1.1
Harry Giles III,Bro,F-C,16,5.1,0.538,0.576,0.273,0.534,3.4,1.6,0.4,0.1,0.2,0.4
Micah Potter,Uta,C,16,11.6,0.75,0.526,0.429,0.588,3.3,2.7,0.4,0.3,0.4,0.3
Terquavion Smith,Phi,G,16,5.3,0.6,0.455,0.371,0.533,3.3,0.3,0.8,0.5,0,0.4
Joe Harris,Det,G-F,16,10.6,0.5,0.444,0.333,0.487,2.4,0.8,0.6,0.2,0.1,0.3
Udoka Azubuike,Pho,C-F,16,7.1,0.231,0.696,0,0.696,2.2,2,0.2,0.1,0.4,0.3
Colin Castleton,Lal,C,16,3.7,1,0.563,0,0.563,1.5,0.8,0.2,0.1,0,0.2
Robin Lopez,Mil,C,16,4,1,0.455,0.25,0.421,1.1,0.3,0.3,0.1,0.2,0.1
Mike Muscala,Okc,F-C,16,5.7,0,0.636,0.091,0.386,1.1,1.3,0.3,0.1,0.1,0.3
Taj Gibson,Nyk,F,16,10.3,1,0.412,0,0.304,1,1.8,0.6,0.1,0.4,0.3
Ben Simmons,Bro,G,15,23.9,0.4,0.581,0,0.581,6.1,7.9,5.7,0.8,0.6,1.8
Justin Champagnie,Was,G-F,15,15.7,0.8,0.576,0.289,0.494,5.9,3.5,1.3,0.7,0.6,0.7
Davis Bertans,Okc,F,15,6.1,0.933,0,0.417,0.577,2.9,0.7,0.6,0.2,0.2,0.1
Kira Lewis Jr.,Nor,G,15,9.6,0.909,0.438,0.1,0.327,2.9,0.9,1.2,0.3,0.1,0.5
Emoni Bates,Cle,F,15,8.9,0.25,0.313,0.303,0.408,2.7,0.9,0.7,0.1,0.1,0.5
Otto Porter Jr.,Tor,F,15,11.6,1,0.6,0.348,0.545,2.6,1.9,0.5,0.3,0.3,0.1
Kenneth Lofton Jr.,Mem,F,15,6.6,0.533,0.407,0.3,0.419,2.6,1,0.9,0.2,0.2,0.4
Olivier Sarr,Okc,C,15,6.5,0.667,0.692,0.333,0.632,2.3,2.4,0.1,0,0.5,0.2
Nate Hinton,Hou,G-F,15,5,0.8,0.333,0.5,0.558,2.2,1.5,0.7,0.2,0.1,0.2
Daishen Nix,Min,G,15,3.3,0.5,0.429,0.353,0.5,1.8,0.2,0.4,0.3,0,0.3
Kendall Brown,Ind,G,15,4.2,0.625,0.615,0,0.533,1.4,0.3,0.3,0,0,0.1
Chimezie Metu,Det,F-C,14,29.4,0.952,0.62,0.302,0.557,10.5,6,1.9,1.7,0.5,1.8
Delon Wright,Mia,G,14,20.4,0.813,0.417,0.367,0.477,5.4,1.9,2.6,1.4,0.2,0.2
James Bouknight,Cha,G,14,5.8,0.5,0.455,0.433,0.598,3.6,0.6,0.4,0.1,0.1,0.1
Boban Marjanovic,Hou,C,14,5.1,0.643,0.563,0,0.529,3.2,2.3,0.4,0.1,0.1,0.4
Trevelin Queen,Orl,G,14,11.8,0.75,0.524,0.176,0.408,2.9,1.4,1.3,0.5,0.4,0.5
Xavier Moon,Lac,G,14,8.5,0.5,0.448,0.118,0.348,2.4,1.3,1.5,0.2,0.2,0.4
Malachi Flynn,Nyk,G,14,4.3,0.818,0.5,0.308,0.478,2.2,0.4,0.4,0.1,0,0.2
Keita Bates-Diop,Bro,F,14,4.8,1,0.636,0.2,0.531,1.6,0.6,0.3,0.2,0.1,0.1
Jermaine Samuels Jr.,Hou,F,14,4.3,1,0.75,0,0.643,1.4,0.9,0.2,0.1,0.1,0
Tosan Evbuomwan,Det,F,13,22.5,0.68,0.688,0.417,0.661,7,3.5,0.8,0.5,0.3,0.6
Patty Mills,Mia,G,13,16.4,1,0.593,0.208,0.406,5.8,1.2,1.5,0.8,0,0.6
Theo Maledon,Cha,G,13,15.4,0.917,0.389,0.167,0.326,4.2,1.8,2.2,0.5,0,1.2
Tre Mann,Okc,G,13,9.2,1,0.571,0.421,0.6,3.8,1.8,1.5,0.2,0,0.7
Mike Muscala,Det,F-C,13,13.2,0.5,0.2,0.382,0.489,3.5,2.2,0.8,0.2,0.4,0.2
Marcus Morris Sr.,Cle,F,12,15,0.625,0.467,0.414,0.542,5.8,2.1,0.8,0.2,0.2,0.9
Jeff Dowtin Jr.,Phi,G,12,11.8,0.75,0.647,0.474,0.681,4.3,1.7,2.3,0.6,0.1,0.4
Sidy Cissoko,San,G,12,11.7,0.8,0.714,0.083,0.5,3.8,1.8,0.8,0.6,0.3,0.3
Kira Lewis Jr.,Uta,G,12,9.9,0.778,0.593,0.154,0.475,3.8,1,1.6,0.3,0.1,0.5
Jalen Slawson,Sac,F,12,3.1,0,1,0,0.667,0.7,0.6,0.2,0.1,0.1,0.2
T.J. Warren,Min,F,11,11.3,0.75,0.571,0.154,0.463,3.7,2,0.8,0.4,0.1,0.4
Gabe Vincent,Lal,G,11,19.8,0.5,0.571,0.107,0.337,3.1,0.8,1.9,0.8,0,0.5
Moussa Diabate,Lac,F,11,5.8,0.643,0.526,0,0.526,2.6,2.3,0.4,0.5,0.1,0.2
Mouhamadou Gueye,Tor,F,11,10.9,0.444,0.314,0,0.289,2.4,2.1,0.5,0.3,1.6,1.1
TyTy Washington Jr.,Mil,G,11,5.1,0,0.286,0.333,0.35,1.3,0.5,0.5,0.3,0,0.2
Juan Toscano-Anderson,Sac,F,11,4.8,0,0.25,0.25,0.292,0.6,1.3,0.4,0.1,0.1,0.2
Tristan Vukcevic,Was,F,10,15.3,0.773,0.613,0.278,0.507,8.5,3.6,1.3,0.5,0.7,1
Armoni Brooks,Bro,G,10,10.4,0.5,0.286,0.344,0.446,4.2,1.8,0.5,0.1,0.1,0.2
Ryan Rollins,Was,G,10,6.6,0.765,0.5,0.667,0.56,4.1,1.1,1.1,0.8,0.3,0.7
Buddy Boeheim,Det,F,10,8.4,0.8,0.25,0.32,0.448,3.4,1,0.3,0,0.1,0
Isaiah Mobley,Cle,F,10,7.2,0,0.5,0.3,0.479,2.3,1,0.6,0.2,0,0.2
Amari Bailey,Cha,G,10,6.5,0.857,0.438,0.125,0.354,2.3,0.9,0.7,0.3,0,0.4
Thaddeus Young,Pho,F,10,8.9,0.333,0.55,0,0.524,2.3,2.8,0.7,0.5,0.2,0.4
Bismack Biyombo,Okc,C,10,7.3,0.5,0.583,0,0.583,1.8,1.8,0.2,0.1,0.3,0.4
Aleksej Pokusevski,Okc,F,10,6.1,0.5,0.4,0.182,0.313,1.2,1,0.5,0.1,0.1,0.3
Ja Morant,Mem,G,9,35.3,0.813,0.555,0.275,0.512,25.1,5.6,8.1,0.8,0.6,3
Javonte Green,Chi,G,9,25.6,0.769,0.729,0.37,0.667,12.2,7.4,0.6,1.1,0.9,0.8
Jaylen Nowell,Mem,G,9,17.4,1,0.563,0.174,0.436,5.7,1.6,1.8,0.3,0,0.6
DeJon Jarreau,Mem,G,9,16.6,0.455,0.351,0.308,0.38,4.8,4.9,2.9,0.7,0.2,1
Dru Smith,Mia,G,9,14.5,1,0.5,0.412,0.561,4.3,1.6,1.6,1,0.3,0.6
Marques Bolden,Cha,C,9,13.1,0.75,0.708,0,0.68,4.1,3.6,0.4,0.3,0.8,0.3
Adama Sanogo,Chi,F,9,7.3,0.667,0.519,0,0.519,4,4,0,0.1,0,0.6
Jordan Walsh,Bos,G,9,9.3,0.5,0.667,0.222,0.467,1.7,2.2,0.6,0.6,0.1,0.3
Seth Lundy,Atl,G,9,5.8,0.75,0.25,0.231,0.324,1.6,0.8,0,0,0,0.1
Jacob Toppin,Nyk,F,9,4.2,1,0.8,0.25,0.611,1.4,0.8,0.3,0,0.1,0.1
Keyontae Johnson,Okc,F,9,7.4,0,0.308,0.333,0.344,1.2,1.1,0.4,0.1,0,0.4
James Johnson,Ind,F,9,5.2,1,0.375,0,0.3,0.9,0.4,0.9,0.6,0.1,0.6
Seth Curry,Cha,G,8,19.8,0.917,0.548,0.321,0.517,9,2,1.8,0.6,0.4,0.6
Matt Hurt,Mem,F,8,14.2,1,0.5,0.25,0.426,4,2,0.5,0.4,0.4,0.3
Oscar Tshiebwe,Ind,F-C,8,5.2,0.75,0.5,0,0.5,3.3,2,0.3,0.3,0.1,0
JD Davison,Bos,G,8,4.9,0.75,0.4,0.429,0.542,2,1.3,1.3,0.1,0.1,0.3
Jordan Miller,Lac,G,8,3.5,1,0.571,0.5,0.611,1.6,0.6,0,0,0,0.1
Dylan Windler,Lal,G-F,8,3.5,0,0,0.5,0.667,1.5,0.4,0.8,0,0,0
R.J. Hampton,Mia,G,8,9.5,0.5,0.5,0.125,0.321,1.3,0.8,1,0,0,0.4
Charlie Brown Jr.,Nyk,G,8,4.7,0,0,0.286,0.3,0.8,0.3,0,0,0.3,0.3
E.J. Liddell,Nor,F,8,2.9,1,1,0,0.167,0.5,0.6,0.1,0.3,0.3,0.3
Pete Nance,Cle,F,8,3.4,0,0,1,0.25,0.4,0.4,0,0.1,0,0.1
Maozinha Pereira,Mem,F,7,17.4,0.7,0.591,0.385,0.586,6.9,5.3,0.3,0.9,0.6,0.7
Jahmi'us Ramsey,Tor,G,7,17.3,0.833,0.632,0.273,0.512,6.7,3.1,1.1,1,0,1
Zavier Simpson,Mem,G,7,23.1,0.75,0.324,0.294,0.361,6,2.9,3.6,1,0.4,1.4
Ish Wainright,Por,F,7,6.6,1,0,0.375,0.5,2.9,1.3,0,0.3,0.1,0.1
Malik Williams,Tor,C,7,15.2,0,0.276,0.2,0.279,2.7,5.4,0.3,0.4,0.6,0.4
D'Moi Hodge,Lal,G,7,5.9,0.5,0.667,0.25,0.433,2,0,0.7,0.1,0.1,0.1
Jason Preston,Uta,G,7,10.2,0,0.375,0,0.316,1.7,2.4,2.3,0.3,0.1,0.3
Alondes Williams,Mia,G,7,2.2,1,0.5,0,0.25,0.7,0.1,0,0,0.1,0.3
Harry Giles III,Lal,F-C,7,2.7,0,0.333,0,0.167,0.3,0.6,0,0.1,0,0
Brandon Clarke,Mem,F,6,22.4,0.143,0.604,0.167,0.568,11.3,5.3,1.5,0.8,1,0.5
Danilo Gallinari,Det,F,6,14.9,0.875,0.5,0.583,0.705,8.7,2.3,2,0.3,0.3,0.2
Darius Bazley,Uta,F,6,23.7,0.833,0.762,0.25,0.655,8,4.5,0.8,1,1.2,1.2
Robert Williams III,Por,C-F,6,19.8,0.778,0.654,0,0.654,6.8,6.3,0.8,1.2,1.2,1.2
Quentin Grimes,Det,G,6,19.2,0.909,0.357,0.143,0.262,5.3,2,2.3,0.8,0.7,1.2
Dylan Windler,Atl,G-F,6,12.2,0,1,0.471,0.737,4.7,2,0.5,0.3,0,0.3
Monte Morris,Det,G,6,11.4,0.5,0.455,0.182,0.394,4.5,2,1.3,0.2,0.2,0.3
Mouhamed Gueye,Atl,F,6,12.1,0.833,0.357,0.333,0.413,4,3.7,0.7,0.8,0.7,0.2
Greg Brown III,Dal,F,6,6.6,0.444,0.5,0.333,0.5,2.5,1.5,0.7,0,0.7,0.7
Dereon Seabron,Nor,G,6,9.2,0.833,0.273,0.5,0.346,2.3,1.2,0.8,0.3,0.2,0
Jordan Ford,Sac,G,6,3.6,1,0.5,0.667,0.714,2,0.3,0.3,0,0,0.2
Shake Milton,Nyk,G-F,6,4.6,1,0.429,0.5,0.5,1.8,1,0.7,0.2,0,0
Jamaree Bouyea,Por,G,6,9.5,0,0.385,0,0.238,1.7,1.7,1.3,0,0,1.3
Isaiah Thomas,Pho,G,6,3.2,0,0.167,0.5,0.4,1.3,0,0.5,0,0,0
Pat Spencer,Gol,G,6,4.3,0,1,0,0.5,0.7,0.7,0.8,0,0,0.2
Usman Garuba,Gol,F,6,3,0.5,0.2,0,0.167,0.5,1.2,0.2,0.2,0.5,0.3
Keon Johnson,Bro,G,5,12.3,0.917,0.364,0.4,0.476,6.2,1.4,0.6,0.6,0.2,1
Wenyen Gabriel,Mem,F,5,16.2,0,0.438,0.167,0.386,3.4,5,0.6,0.4,0.4,1.6
Yuta Watanabe,Mem,G-F,5,16.4,0,0.556,0.1,0.342,2.6,1.8,1,0.6,0,0.6
Timmy Allen,Mem,F,5,25.1,0.5,0.375,0,0.261,2.6,3.4,1,0.8,0,0.4
Mason Jones,Sac,G,5,5.5,0.5,0,0.286,0.375,1.4,1,1,0.2,0,0.4
Frank Ntilikina,Cha,G,5,8.6,1,0,0.125,0.167,1,1.2,0.8,0,0,0.2
Andrew Funk,Chi,G,5,2.7,0,0,0,0,0,0,0,0.2,0.2,0
Kenneth Lofton Jr.,Uta,F,4,22.7,0.818,0.739,0.333,0.657,13.8,5,4.8,0.8,0.5,1.5
Jaylen Nowell,Det,G,4,14.4,0.667,0.588,0.333,0.565,7.5,2.5,0.8,0.3,0.5,0.5
Shake Milton,Det,G-F,4,15.8,0.667,0.471,0.333,0.481,6.8,4.5,1.5,0.5,0.3,0.8
David Duke Jr.,San,G,4,12.9,1,0.583,0.5,0.639,6.5,2.5,1.3,0.5,0,0.8
Dexter Dennis,Dal,G,4,7.5,0.333,0.818,0.125,0.553,5.5,2.3,1,0,0.3,0.8
Kobi Simmons,Tor,G,4,16.9,0,0.538,0.25,0.476,5,1.8,3,1.5,0.5,0.3
Taze Moore,Por,G,4,10.1,0.5,0.583,0.143,0.447,4.5,2,1.3,0.5,0,0.8
Taj Gibson,Det,F,4,9.8,0,0.6,0.5,0.643,4.5,2.3,0.5,0.3,0.3,0
D.J. Carton,Tor,G,4,8.9,0.8,0.5,0.25,0.438,2.8,1,0.8,0.3,0,0.3
Henri Drell,Chi,F,4,7.5,0.5,0.5,0.333,0.5,2.8,1,1,0.5,0.3,0.5
Tosan Evbuomwan,Mem,F,4,18.5,0,0.286,0.25,0.333,2.5,3.5,1.5,0,0.3,0.3
Jack White,Mem,F,4,15.9,0,0,0.2,0.188,1.5,3,0.3,1,0.3,0.5
Theo Maledon,Pho,G,4,3.3,1,0.25,0,0.25,1.3,0.3,0,0,0,0.8
Alex Fudge,Lal,F,4,3.6,1,0.25,0,0.167,1,0.5,0,0,0,0.3
Ish Wainright,Pho,F,4,4.1,0,0,0.25,0.25,0.8,1.3,0.3,0.5,0,0.3
Jacob Gilyard,Bro,G,4,11.2,0,0,0,0,0,0.8,1.5,1.5,0,0.3
RaiQuan Gray,San,F,3,13,0,0.7,0.429,0.676,7.7,2.3,2,0.3,0.3,0.3
Evan Fournier,Nyk,G-F,3,12.9,1,0.4,0.133,0.25,4,1.3,1,1.3,0,0.3
Mamadi Diakite,San,F,3,5.3,0.667,0.8,0,0.8,4,1,0.7,0,0.3,0
Drew Peterson,Bos,F,3,7.6,0,1,0.6,0.917,3.7,0.3,0.3,0.7,0,0.3
Jamaree Bouyea,San,G,3,12.6,0,0.667,1,0.786,3.7,3,1,0.3,0,0.3
Robert Covington,Lac,F,3,23.1,0.5,1,0.25,0.444,3,2.7,2.3,2,0.7,0
Nicolas Batum,Lac,G-F,3,18,0,1,0.286,0.5,2.7,2.3,1.7,1,1.3,0.3
P.J. Tucker,Phi,F,3,22.1,0,0,0.4,0.6,2,4.7,0,1,0.7,0.7
Lindell Wigginton,Mil,G,3,2.5,1,0.667,0,0.4,2,0,0,0,0,0.3
Dylan Windler,Nyk,G-F,3,2.5,0,0,0.5,0.75,1,0.3,0.3,0,0,0
Ryan Rollins,Mil,G,3,4,0,0,1,0.75,1,0.7,1,0.7,0,0.3
Shaquille Harrison,Mem,G,3,2,0,0.5,0,0.5,0.7,0.7,0,0,0.3,0
Quenton Jackson,Ind,G,3,3.5,1,0,0,0,0.7,1.3,0.7,0.3,0,0
Darius Bazley,Phi,F,3,3.3,0,0,0,0,0,0.3,0.7,0,0,0.3
Mamadi Diakite,Nyk,F,3,2.8,0,0,0,0,0,0.3,0,0.3,0,0.3
Alex Fudge,Dal,F,2,12.9,0,0.667,0.333,0.611,5.5,1.5,0,1.5,0,0.5
Kenyon Martin Jr.,Lac,F,2,15.7,0.5,0.6,0.2,0.45,5,1.5,0.5,1,0.5,1
D.J. Wilson,Phi,F,2,7.8,0,0.5,1,0.833,5,1,1,0,1,0
Ty Jerome,Cle,G-F,2,7.4,0,0.667,0,0.5,2,0.5,1.5,0,0,0.5
Kevon Harris,Orl,G,2,3.1,0,0.667,0,0.667,2,1,0.5,0,0,0.5
Filip Petrusev,Sac,C,2,3.3,0.5,0.5,0,0.5,1.5,0,0,0,0,0
Dariq Whitehead,Bro,F,2,12,0.5,0.5,0,0.2,1.5,2,1.5,0,0.5,0
Adam Flagler,Okc,G,2,7,0,0,0.167,0.214,1.5,0,2,0,0,0
Joshua Primo,Lac,G,2,5.2,0,0.5,0,0.333,1,0.5,0,0,0.5,2
Kenneth Lofton Jr.,Phi,F,2,4.4,0,0.25,0,0.167,1,1.5,0,0,0,1
Hamidou Diallo,Was,G,2,2.4,0,0.5,0,0.5,1,1,0.5,1,0,0.5
Danny Green,Phi,G,2,9.3,0,0,0,0,0,1,0.5,0.5,0,0
Marques Bolden,Mil,C,2,1.5,0,0,0,0,0,1,0,0,0,0
Dmytro Skapintsev,Nyk,C,2,1.1,0,0,0,0,0,0,0,0,0,0
Trey Jemison,Was,C,2,0.8,0,0,0,0,0,0.5,0,0,0,0.5
Justin Jackson,Min,F,2,0.4,0,0,0,0,0,0,0,0,0,0
Izaiah Brockington,Nor,G,1,3.4,0,0.5,0,0.4,4,2,0,0,0,0
Daniel Theis,Ind,F-C,1,8.4,0,0.333,0,0.25,2,0,0,0,0,0
Isaiah Wong,Ind,G,1,4.3,0,0.5,0,0.333,2,0,0,0,0,0
Markquis Nowell,Tor,G,1,3.5,1,0,0,0,2,2,2,1,0,0
Kaiser Gates,Nor,F,1,7.4,0,0,0,0,0,1,0,0,0,0
Filip Petrusev,Phi,C,1,2.7,0,0,0,0,0,1,0,0,0,0
Javonte Smart,Phi,G,1,0.7,0,0,0,0,0,0,0,0,0,0
Malcolm Cazalon,Det,G,1,2.6,0,0,0,0,0,0,0,0,0,0
Ron Harper Jr.,Tor,F,1,3.7,0,0,0,0,0,0,1,0,0,0
Kira Lewis Jr.,Tor,G,1,1.6,0,0,0,0,0,0,0,0,0,0
Jalen Crutcher,Nor,G,1,2.7,0,0,0,0,0,0,0,0,0,0